,gelinxin456@gmail.com,GPT_Output,Comparison,GPT_Extra,GPT_Missing
时间戳记,2025/05/06 11:43:05 下午 GMT+10,,,,
"1 
google.com 
https://policies.google.com/privacy?hl=en-US ","#没有疑问，小标题
Provide our services
Maintain & improve our services
Develop new services
Provide personalized services, including content and ads
Measure performance
Communicate with you
Protect Google, our users, and the public","Provide our services
Develop new services
Maintain & improve our services
Protect Google, our users, and the public
Measure performance
Provide personalized services, including content and ads
Communicate with you",基本一致（75%-90%）,,
"2 
facebook.com 
https://www.facebook.com/privacy/policy/ ","
#标题
To provide, personalize and improve our Products
To promote safety, security and integrity
To provide measurement, analytics and business services
To communicate with you
To research and innovate for social good","To promote safety, security and integrity
To provide, personalize and improve our Products
To communicate with you
To provide measurement, analytics and business services
To research and innovate for social good",不太一致（50%-75%）,,
"3 
wikipedia.org 
https://foundation.wikimedia.org/wiki/Privacy_policy ","#第一部分的div
Operating the Wikimedia Sites, sharing your contributions and administering our Services
Providing customized Services
Sending emails with news updates and communications about items we believe may be of interest to you
Sending optional surveys and requesting feedback
Improving the Wikimedia Sites and making your user experience safer and better
#第二部分的h4
Location information","To protect Wikimedia users and project content
To fight vandalism
To optimize mobile applications
To create new features or data-related products
To learn how we can improve our services
To analyze trends
To make our services safer and easier to use
To track and study use of various features
To improve performance
To gain a better understanding of the demographics of our users
To learn more about how the Wikimedia Sites are used
To enhance your experience with Wikimedia Sites
To gain understanding about the demographics of the different Wikimedia Sites
To understand how users interact with the Wikimedia Sites
To provide greater security
To localize our services
To test features to see what works
To customize content and set language preferences
To help create a better and more customizable experience for you
To administer the sites
To show you more relevant content",严重不一致（50%以下）,"To administer the sites
To analyze trends
To create new features or data-related products
To customize content and set language preferences
To enhance your experience with Wikimedia Sites
To fight vandalism
To gain a better understanding of the demographics of our users
To gain understanding about the demographics of the different Wikimedia Sites
To help create a better and more customizable experience for you
To improve performance
To learn how we can improve our services
To learn more about how the Wikimedia Sites are used
To localize our services
To make our services safer and easier to use
To optimize mobile applications
To protect Wikimedia users and project content
To provide greater security
To show you more relevant content
To test features to see what works
To track and study use of various features
To understand how users interact with the Wikimedia Sites","Improving the Wikimedia Sites and making your user experience safer and better
Location information
Operating the Wikimedia Sites, sharing your contributions and administering our Services
Providing customized Services
Sending emails with news updates and communications about items we believe may be of interest to you
Sending optional surveys and requesting feedback"
"4 
bing.com 
https://privacy.microsoft.com/en-us/privacystatement ","
#li
Provide our products
Improve and develop our products.
Personalize our products and make recommendations.
Advertise and market to you
#b
Provide our products
Product improvement
Personalization
Product activation
Product development
Customer support
Help secure and troubleshoot
Safety
Updates
Promotional communications
Relevant offers
Advertising
Prize promotions and events.
Transacting commerce
Reporting and business operations
Protecting rights and property
Legal compliance
Research","Customer support
Reporting and business operations
Protecting rights and property
Product development
Personalization
Prize promotions and events
Research
Operate our business
Advertise and market to you
Provide our products with rich, interactive experiences
Relevant offers
Safety
Legal compliance
Provide our products
Improve and develop our products
Transacting commerce
Product activation
Personalize our products and make recommendations
Product improvement
Help secure and troubleshoot
Updates
Promotional communications
Advertising",不太一致（50%-75%）,"Improve and develop our products
Operate our business
Personalize our products and make recommendations
Prize promotions and events
Provide our products with rich, interactive experiences","
Improve and develop our products.
Personalize our products and make recommendations.
Prize promotions and events."
"5 
reddit.com 
https://www.reddit.com/policies/privacy-policy?__hstc=53109431.bd1028bfa9b412cc559ab7e732b52496.1727735173021.1732200491510.1732209607383.87&__hssc=53109431.4951.1732209607383&__hsfp=810579359 ","#li
Provide, maintain, and improve the Services;
Personalize services, content, and features that match your activities, preferences, and settings
Help protect the safety of Reddit and our users
Provide, optimize, target, and measure the effectiveness of ads shown on our Services;
Research and develop new services;
Send you technical notices, updates, security alerts, invoices, and other support and administrative messages;
Provide customer service;
Communicate with you about products, services, offers, promotions, events, and programs, and provide other news and information we think will be of interest to you
Monitor and analyze trends, usage, and activities in connection with our Services.
","Research and develop new services
Help protect the safety of Reddit and our users
Communicate with you about products, services, offers, promotions, events, and programs
Personalize services, content, and features
Provide customer service
Provide, maintain, and improve the Services
Provide, optimize, target, and measure the effectiveness of ads
Monitor and analyze trends, usage, and activities
Send you technical notices, updates, security alerts, invoices, and other support messages",严重不一致（50%以下）,"Communicate with you about products, services, offers, promotions, events, and programs
Monitor and analyze trends, usage, and activities
Personalize services, content, and features
Provide customer service
Provide, maintain, and improve the Services
Provide, optimize, target, and measure the effectiveness of ads
Research and develop new services
Send you technical notices, updates, security alerts, invoices, and other support messages","
Communicate with you about products, services, offers, promotions, events, and programs, and provide other news and information we think will be of interest to you
Monitor and analyze trends, usage, and activities in connection with our Services.
Personalize services, content, and features that match your activities, preferences, and settings
Provide customer service;
Provide, maintain, and improve the Services;
Provide, optimize, target, and measure the effectiveness of ads shown on our Services;
Research and develop new services;
Send you technical notices, updates, security alerts, invoices, and other support and administrative messages;"
"6 
chatgpt.com 
https://openai.com/policies/privacy-policy ","To provide, analyze, and maintain our Services
To improve and develop our Services and conduct research
To communicate with you
To prevent fraud, illegal activity, or misuses of our Services, and to protect the security of our systems and Services
To comply with legal obligations and to protect the rights, privacy, safety, or property of our users, OpenAI, or third parties.","To communicate with you, including to send you information about our Services and events
To improve and develop our Services and conduct research
To comply with legal obligations and to protect the rights, privacy, safety, or property
To protect the security of our systems and Services
To prevent fraud, illegal activity, or misuses of our Services
To provide, analyze, and maintain our Services",严重不一致（50%以下）,"To communicate with you, including to send you information about our Services and events
To comply with legal obligations and to protect the rights, privacy, safety, or property
To prevent fraud, illegal activity, or misuses of our Services
To protect the security of our systems and Services","To communicate with you
To comply with legal obligations and to protect the rights, privacy, safety, or property of our users, OpenAI, or third parties.
To prevent fraud, illegal activity, or misuses of our Services, and to protect the security of our systems and Services"
"7 
x.com 
https://x.com/en/privacy ","#b
Operate, improve, and personalize our services.
Foster safety and security.
Measure, analyze and make our services better.
Communicate with you about our services.
Research.","Communicate with you about our services.
Foster safety and security.
Research.
Operate, improve, and personalize our services.
Measure, analyze and make our services better.",基本一致（75%-90%）,,
"
8 
whatsapp.com 
https://www.whatsapp.com/legal/privacy-policy ","#b
Our Services
Safety, Security, And Integrity
Communications About Our Services And The Meta Companies
No Third-Party Banner Ads
Business Interactions","To provide customer support
To understand how people use our Services
To provide marketing for our Services and Meta Companies
To evaluate and improve our Services
To promote safety, security, and integrity
To improve, fix, and customize our Services
To combat harmful conduct
To communicate with you about our Services
To enable communication and interaction with businesses
To operate and provide our Services
To research, develop, and test new services and features
To respond to you when you contact us
To conduct troubleshooting activities
To protect users against bad experiences and spam
To connect our Services with Meta Company Products
To complete purchases or transactions
To verify accounts and activity",严重不一致（50%以下）,"To combat harmful conduct
To communicate with you about our Services
To complete purchases or transactions
To conduct troubleshooting activities
To connect our Services with Meta Company Products
To enable communication and interaction with businesses
To evaluate and improve our Services
To improve, fix, and customize our Services
To operate and provide our Services
To promote safety, security, and integrity
To protect users against bad experiences and spam
To provide customer support
To provide marketing for our Services and Meta Companies
To research, develop, and test new services and features
To respond to you when you contact us
To understand how people use our Services
To verify accounts and activity","Business Interactions
Communications About Our Services And The Meta Companies
No Third-Party Banner Ads
Our Services
Safety, Security, And Integrity"
"
9 
yandex.ru 
https://yandex.com/legal/confidential/ ","#p.p
to provide you with the Sites and/or Services
to provide you with access to your user account
to contact you to notify and/or inform you or request information from you in relation to the Sites and Services, or to execute our agreements with you or process your request or application;
to personalize advertisements and/or commercial offers based on your preferences
to improve user experience
to develop new products, applications and services
to protect your rights and the rights
to collect, process and present statistical data or big data, or perform other research and/or analysis of Personal information
discovering of the security risks to the Sites and Services, users, Yandex and/or third parties
arrangement of the acceptance of your payments","Communicate with you about our services.
Foster safety and security.
Research.
Operate, improve, and personalize our services.
Measure, analyze and make our services better.",严重不一致（50%以下）,"Communicate with you about our services.
Foster safety and security.
Measure, analyze and make our services better.
Operate, improve, and personalize our services.
Research.","arrangement of the acceptance of your payments
discovering of the security risks to the Sites and Services, users, Yandex and/or third parties
to collect, process and present statistical data or big data, or perform other research and/or analysis of Personal information
to contact you to notify and/or inform you or request information from you in relation to the Sites and Services, or to execute our agreements with you or process your request or application;
to develop new products, applications and services
to improve user experience
to personalize advertisements and/or commercial offers based on your preferences
to protect your rights and the rights
to provide you with access to your user account
to provide you with the Sites and/or Services"
"
10 
duckduckgo.com 
https://duckduckgo.com/privacy ","#比较不确定，通篇没有明显标题，基本需要理解再标注
deliver content to you and, for security, to ensure you’re not a malicious bot
To improve and promote our product
for the feature to function
protect and limit use ","To use anonymous cookies for storage
To design anonymous experiments to test different designs
To use storage to ensure a design doesn’t frequently change
To configure search settings via anonymous URL parameters
To use minimal necessary storage for optional features
To observe what people are saying about our product across social channels
To use local storage for anonymous display settings
To improve and promote our product",严重不一致（50%以下）,"To configure search settings via anonymous URL parameters
To design anonymous experiments to test different designs
To observe what people are saying about our product across social channels
To use anonymous cookies for storage
To use local storage for anonymous display settings
To use minimal necessary storage for optional features
To use storage to ensure a design doesn’t frequently change","deliver content to you and, for security, to ensure you’re not a malicious bot
for the feature to function
protect and limit use "
"
11 
amazon.com 
https://www.amazon.com/gp/help/customer/display.html?nodeId=GX7NJQ4ZB8MHFRNJ ","#strong
Purchase and delivery of products and services
Provide, troubleshoot, and improve Amazon Services
Recommendations and personalization
Provide voice, image and camera services
Comply with legal obligations
Communicate with you
Advertising
Fraud Prevention and Credit Risks","Recommendations and personalization
Provide voice, image and camera services
Fraud Prevention and Credit Risks
Comply with legal obligations
Advertising
Purchase and delivery of products and services
Provide, troubleshoot, and improve Amazon Services
Communicate with you",基本一致（75%-90%）,,
"
12 
yahoo.com 
https://legal.yahoo.com/us/en/yahoo/privacy/index.html ","#abc三个
to understand how you use and interact with our Services and the people or things you’re connected to and interested in
We provide you with controls to manage your experience with us
to provide our services to you","Communicate with you about our services.
Foster safety and security.
Research.
Operate, improve, and personalize our services.
Measure, analyze and make our services better.",严重不一致（50%以下）,"Communicate with you about our services.
Foster safety and security.
Measure, analyze and make our services better.
Operate, improve, and personalize our services.
Research.","We provide you with controls to manage your experience with us
to provide our services to you
to understand how you use and interact with our Services and the people or things you’re connected to and interested in"
"
13 
yahoo.co.jp 
https://www.lycorp.co.jp/en/company/privacypolicy/ ","Provision and maintenance of our Services;
Development and improvement of our Services;
Security and prevention of unauthorized use; and/or
Provision of Services optimized for you.","Fulfill your requests and when authorized by you
Detect and defend against fraudulent, abusive, or unlawful activity
Provide, maintain, improve, and develop relevant features, content, and Services
Analyze your content and other information
Help advertisers and publishers connect to offer relevant advertising
Match and serve targeted advertising
Associate your activity across our Services and your different devices
Combine information we have about you with information we obtain from business partners
Contact you with information about your account or with marketing messages
Carry out or support promotions
Conduct research and support innovation
Create analytics and reports for external parties
Provide location-based Services, advertising, search results, and other content",严重不一致（50%以下）,"Analyze your content and other information
Associate your activity across our Services and your different devices
Carry out or support promotions
Combine information we have about you with information we obtain from business partners
Conduct research and support innovation
Contact you with information about your account or with marketing messages
Create analytics and reports for external parties
Detect and defend against fraudulent, abusive, or unlawful activity
Fulfill your requests and when authorized by you
Help advertisers and publishers connect to offer relevant advertising
Match and serve targeted advertising
Provide location-based Services, advertising, search results, and other content
Provide, maintain, improve, and develop relevant features, content, and Services","Development and improvement of our Services;
Provision and maintenance of our Services;
Provision of Services optimized for you.
Security and prevention of unauthorized use; and/or"
"
14 
tiktok.com 
https://www.tiktok.com/legal/page/row/privacy-policy/en 
","To fulfill requests for products, services, Platform functionality, support and information for internal operations
To provide our shopping features and facilitate the purchase and delivery of products, goods and services
To personalise the content you see when you use the Platform
To send promotional materials
To improve and develop our Platform and conduct product development
To measure and understand the effectiveness of the advertisements and other content we serve to you and others, and to deliver advertising
To support the social functions of the Platform
To enable you to participate in the virtual items program
To allow you to participate in interactive features of the Platform
To use User Content as part of our advertising and marketing campaigns to promote the Platform
To understand how you use the Platform
To infer additional information about you
To help us detect and combat abuse, harmful activity, fraud, spam, and illegal activity on the Platform
To ensure content is presented in the most effective manner for you and your device
To promote the safety, security of the Platform
To facilitate research conducted by independent researchers that meets certain criteria
To verify your identity or age
To communicate with you
To announce you as a winner of our contests or promotions if permitted by the promotion rule, and to send you any applicable prizes
To enforce our Terms of Service, Community Guidelines, and other conditions and policies
Consistent with your permissions, to provide you with location-based services
To train and improve our technology
To facilitate and fulfill sales, promotion, and purchases of goods and services and to provide user support","To personalise the content you see when you use the Platform
To facilitate research conducted by independent researchers that meets certain criteria
To understand how you use the Platform, including across your devices
To fulfill requests for products, services, Platform functionality, support and information
To enforce our Terms of Service, Community Guidelines, and other conditions and policies
To support the social functions of the Platform
To help us detect and combat abuse, harmful activity, fraud, spam, and illegal activity
To train and improve our technology, such as our machine learning models and algorithms
To promote the safety, security of the Platform
To verify your identity or age
To send promotional materials, including by instant messaging or email
To measure and understand the effectiveness of the advertisements and other content
To facilitate and fulfill sales, promotion, and purchases of goods and services
To announce you as a winner of our contests or promotions
To communicate with you, including to notify you about changes in our services
To enable you to participate in the virtual items program
To use User Content as part of our advertising and marketing campaigns
To infer additional information about you, such as your age range, gender, and interests
To improve and develop our Platform and conduct product development
To ensure content is presented in the most effective manner for you and your device
To allow you to participate in interactive features of the Platform
To provide our shopping features and facilitate the purchase and delivery of products
To provide you with location-based services, such as advertising and other personalized content",严重不一致（50%以下）,"To announce you as a winner of our contests or promotions
To communicate with you, including to notify you about changes in our services
To facilitate and fulfill sales, promotion, and purchases of goods and services
To fulfill requests for products, services, Platform functionality, support and information
To help us detect and combat abuse, harmful activity, fraud, spam, and illegal activity
To infer additional information about you, such as your age range, gender, and interests
To measure and understand the effectiveness of the advertisements and other content
To provide our shopping features and facilitate the purchase and delivery of products
To provide you with location-based services, such as advertising and other personalized content
To send promotional materials, including by instant messaging or email
To train and improve our technology, such as our machine learning models and algorithms
To understand how you use the Platform, including across your devices
To use User Content as part of our advertising and marketing campaigns","Consistent with your permissions, to provide you with location-based services
To announce you as a winner of our contests or promotions if permitted by the promotion rule, and to send you any applicable prizes
To communicate with you
To facilitate and fulfill sales, promotion, and purchases of goods and services and to provide user support
To fulfill requests for products, services, Platform functionality, support and information for internal operations
To help us detect and combat abuse, harmful activity, fraud, spam, and illegal activity on the Platform
To infer additional information about you
To measure and understand the effectiveness of the advertisements and other content we serve to you and others, and to deliver advertising
To provide our shopping features and facilitate the purchase and delivery of products, goods and services
To send promotional materials
To train and improve our technology
To understand how you use the Platform
To use User Content as part of our advertising and marketing campaigns to promote the Platform"
"
15 
weather.com 
https://weather.com/en-US/twc/privacy-policy 

 ","Provide core weather features
Analyze and measure how you use the services    
User account registration and subscription    
Provide alerts and notifications    
Recognizing/honoring consent and providing other data rights    
Communicating with you    
Marketing and advertising    
IT operations   ","To offer you the ability to receive push or in-app notifications
To deliver marketing messaging and ads on the Services
Responding to your inquiries and communicating with you
To analyze and measure how you use our services
To provide you with precise weather forecasts and weather-related news
The maintenance and management of apps, networks, systems, or infrastructure
To support account functionality such as subscriptions and personalization
To recognize and honor your choices with respect to the use of your data",严重不一致（50%以下）,"Responding to your inquiries and communicating with you
The maintenance and management of apps, networks, systems, or infrastructure
To analyze and measure how you use our services
To deliver marketing messaging and ads on the Services
To offer you the ability to receive push or in-app notifications
To provide you with precise weather forecasts and weather-related news
To recognize and honor your choices with respect to the use of your data
To support account functionality such as subscriptions and personalization","Analyze and measure how you use the services    
Communicating with you    
IT operations   
Marketing and advertising    
Provide alerts and notifications    
Provide core weather features
Recognizing/honoring consent and providing other data rights    
User account registration and subscription    "
"
16 
netflix.com 
https://help.netflix.com/en/legal/privacy 
","To provide our service
To administer and operate our business
To research, analyze, and improve our services
To enable Partner integrations and promotions
To send marketing and informational messages
To support Advertisements
For safety, security, and fraud prevention
To comply with law and enforce the Netflix Terms of Use","To enable Partner integrations and promotions
To comply with law and enforce the Netflix Terms of Use
To research, analyze, and improve our services
For safety, security, and fraud prevention
To provide our service including making personalized recommendations
To administer and operate our business
To support Advertisements
To send marketing and informational messages",基本一致（75%-90%）,To provide our service including making personalized recommendations,To provide our service
"
17 
naver.com 
https://policy.naver.com/policy/privacy_en.html ","for member management
to the purpose of providing existing services
to protect users and operate services
for personal authentication
for marketing and promotion purposes
for service usage records and access frequency analysis
to establish a service environment","For member management and identity verification
For personal authentication, purchases, and payments
For marketing and promotion purposes
To protect users and operate services
To establish a safe Internet environment
To manage members of NAVER and related services
To discover new service elements and improve existing services
To develop, provide, and improve services
For statistical, scientific research, and archiving for the public interest
For service usage records and access frequency analysis
To establish a safe service environment",严重不一致（50%以下）,"For marketing and promotion purposes
For member management and identity verification
For personal authentication, purchases, and payments
For service usage records and access frequency analysis
For statistical, scientific research, and archiving for the public interest
To develop, provide, and improve services
To discover new service elements and improve existing services
To establish a safe Internet environment
To establish a safe service environment
To manage members of NAVER and related services
To protect users and operate services","for marketing and promotion purposes
for member management
for personal authentication
for service usage records and access frequency analysis
to establish a service environment
to protect users and operate services
to the purpose of providing existing services"
"
18 
twitch.tv 
https://www.twitch.tv/p/en/legal/privacy-notice/ ","to operate, maintain, enhance, provide, create, and develop all of the features, functionality, and services
provide security for our websites, products, software, applications, or live (in-person) events
manage relationships with Twitch account holders (e.g., Partners, Affiliates)
improve users’ experience
allow you to comment on content, and participate in online games, contests, or rewards programs
prevent fraud and abuse
understand the usage trends of our users
communicate with you
to meet legal obligations
for a specific purpose
on legal grounds to process your personal information","To send promotional materials or notifications related to the Twitch Services
To allow you to comment on content, and participate in online games, contests, or rewards programs
To document your consent
To monitor and analyze the use of Twitch services
To protect the security or integrity of the Twitch Services
To prevent fraud and abuse
To deliver content that we hope users will find relevant and interesting
To provide security for our websites, products, software, applications, or live events
To operate, maintain, enhance, provide, create, and develop features on the Twitch Services
To communicate with registered users through notifications or emails regarding Twitch products and services
To fulfill legal obligations
To process your personal information for a specific purpose with your consent
To respond to inquiries or complaints from potential or actual Twitch users
To manage relationships with Twitch account holders
To meet legal obligations
To improve users’ experience with Twitch by providing content recommendations
To understand the usage trends of our users
To take appropriate or necessary actions to protect Twitch from potential liability
To communicate with you, including to notify you of major Twitch Services updates
To take steps in anticipation of entering into contract
To honor contractual commitments
To support Twitch’s legitimate interests
To protect the rights, property, or safety of Twitch, our users, or others
To investigate and defend ourselves against third-party claims, or allegations",严重不一致（50%以下）,"To allow you to comment on content, and participate in online games, contests, or rewards programs
To communicate with registered users through notifications or emails regarding Twitch products and services
To communicate with you, including to notify you of major Twitch Services updates
To deliver content that we hope users will find relevant and interesting
To document your consent
To fulfill legal obligations
To honor contractual commitments
To improve users’ experience with Twitch by providing content recommendations
To investigate and defend ourselves against third-party claims, or allegations
To manage relationships with Twitch account holders
To meet legal obligations
To monitor and analyze the use of Twitch services
To operate, maintain, enhance, provide, create, and develop features on the Twitch Services
To prevent fraud and abuse
To process your personal information for a specific purpose with your consent
To protect the rights, property, or safety of Twitch, our users, or others
To protect the security or integrity of the Twitch Services
To provide security for our websites, products, software, applications, or live events
To respond to inquiries or complaints from potential or actual Twitch users
To send promotional materials or notifications related to the Twitch Services
To support Twitch’s legitimate interests
To take appropriate or necessary actions to protect Twitch from potential liability
To take steps in anticipation of entering into contract
To understand the usage trends of our users","allow you to comment on content, and participate in online games, contests, or rewards programs
communicate with you
for a specific purpose
improve users’ experience
manage relationships with Twitch account holders (e.g., Partners, Affiliates)
on legal grounds to process your personal information
prevent fraud and abuse
provide security for our websites, products, software, applications, or live (in-person) events
to meet legal obligations
to operate, maintain, enhance, provide, create, and develop all of the features, functionality, and services
understand the usage trends of our users"
"
19 
linkedin.com 
https://www.linkedin.com/legal/privacy-policy? ","Services
Premium Services
Communications
Advertising
Marketing
Developing Services and Research
Customer Support
Insights That Do Not Identify You
Security and Investigations","To provide, support, personalize and develop our Services
To personalize our Services for you
To investigate, respond to and resolve complaints and Service issues
To develop and train artificial intelligence (AI) models
To contact you and enable communications between Members
To collaborate with colleagues and schedule meetings
To authorize access to our Services and honor your settings
To recommend jobs and show relevant professional contacts
To serve you tailored ads both on and off our Services
To develop our Services and conduct research
To improve, develop, and provide products and Services
To use data for security, fraud prevention and investigations
To promote our Services to you and others
To generate insights that do not identify you
To gain insights with the help of AI, automated systems, and inferences
To help others find your profile and suggest connections",严重不一致（50%以下）,"To authorize access to our Services and honor your settings
To collaborate with colleagues and schedule meetings
To contact you and enable communications between Members
To develop and train artificial intelligence (AI) models
To develop our Services and conduct research
To gain insights with the help of AI, automated systems, and inferences
To generate insights that do not identify you
To help others find your profile and suggest connections
To improve, develop, and provide products and Services
To investigate, respond to and resolve complaints and Service issues
To personalize our Services for you
To promote our Services to you and others
To provide, support, personalize and develop our Services
To recommend jobs and show relevant professional contacts
To serve you tailored ads both on and off our Services
To use data for security, fraud prevention and investigations","Advertising
Communications
Customer Support
Developing Services and Research
Insights That Do Not Identify You
Marketing
Premium Services
Security and Investigations
Services"
"
20 
pinterest.com 
https://policy.pinterest.com/en/privacy-policy ","to showing you content that’s relevant, interesting and personal to you
to provide and improve your experience
to improve our Services
keep our users and the public safe
to protect legal interests
to personalize the ads","Send you updates, including by email, push notification, SMS, or phone
Decide which ads to show you directly on Pinterest
Identify your precise location and customize your experience
Create aggregated or de-identified information
Advertise Pinterest products and services to you on other sites and apps
Conduct analytics and research on who is using our Services
Tell our ad partners how their Pinterest ads are doing
Access user information in relation to a legal claim
Review your activity and messages to detect spam
Recommend Pins, boards, or content you might like
Identify you when you use our Services
Conduct age verification
Respond to your questions or comments
Allow searching with photos, if you choose
Improve the products and services of our family of companies
Build your community on our Services
Analyze users’ log data and device information",严重不一致（50%以下）,"Access user information in relation to a legal claim
Advertise Pinterest products and services to you on other sites and apps
Allow searching with photos, if you choose
Analyze users’ log data and device information
Build your community on our Services
Conduct age verification
Conduct analytics and research on who is using our Services
Create aggregated or de-identified information
Decide which ads to show you directly on Pinterest
Identify you when you use our Services
Identify your precise location and customize your experience
Improve the products and services of our family of companies
Recommend Pins, boards, or content you might like
Respond to your questions or comments
Review your activity and messages to detect spam
Send you updates, including by email, push notification, SMS, or phone
Tell our ad partners how their Pinterest ads are doing","keep our users and the public safe
to improve our Services
to personalize the ads
to protect legal interests
to provide and improve your experience
to showing you content that’s relevant, interesting and personal to you"
"
21 
vk.com 
https://vk.com/privacy ",to fulfill the Site Administration’s obligations to the Users regarding use of the Site and its services,To fulfill the Site Administration’s obligations to the Users,严重不一致（50%以下）,To fulfill the Site Administration’s obligations to the Users,to fulfill the Site Administration’s obligations to the Users regarding use of the Site and its services
"
22 
temu.com 
https://www.temu.com/au/privacy-and-cookie-policy.html?title=Privacy%20%26%20Cookie%20Policy&_bg_fs=0&_x_sessn_id=bo4jjqxfso&refer_page_name=home&refer_page_id=10005_1745910789372_i1mkfmgvo9&refer_page_sn=10005 ","Create and maintain your account
Orders and delivery of products and services
Improve and optimize services and troubleshooting
Deidentified information
Personalize your experience
Communicate with you and provide customer support
Sweepstakes, contests, and other promotions and events
Marketing
Interest-based advertising
Fraud prevention and security
Compliance and legal obligations
Legal claims based on your consent
Cookies and similar technologies for technical operations, performance enhancement, advertising, analytics, etc
","Orders and delivery of products and services
Deidentified information
Fraud prevention and security
Legal claims based on your consent
Cookies and similar technologies for technical operations
Improve and optimize services and troubleshooting
Communicate with you and provide customer support
Sweepstakes, contests, and other promotions and events
Compliance, legal obligations and protection
Marketing
Create and maintain your account
Interest-based advertising
Personalize your experience",不太一致（50%-75%）,"Compliance, legal obligations and protection
Cookies and similar technologies for technical operations","
Compliance and legal obligations
Cookies and similar technologies for technical operations, performance enhancement, advertising, analytics, etc"
"
23 
aliexpress.com 
https://rulechannel.alibaba.com/icbu?type=detail&ruleId=2034&cId=1306#/rule/detail?cId=1306&ruleId=2034 ","Account administration
Purchase and delivery of products and services
Communicate with you
Provide voice, image and camera services
Recommendations and personalization
Marketing and advertising
Research and development
Fraud prevention and credit risks
Comply with legal obligations",,严重不一致（50%以下）,,"Account administration
Communicate with you
Comply with legal obligations
Fraud prevention and credit risks
Marketing and advertising
Provide voice, image and camera services
Purchase and delivery of products and services
Recommendations and personalization
Research and development"
"
24 
discord.com 
https://discord.com/privacy ","?To fulfill our contract with you
For our legitimate business interests
To comply with our legal obligations
?With your consent
?To protect someone’s vital interests","To meet our commitments to the Discord community
To comply with our legal obligations
To contact you
To report on our company’s performance
To provide you with the services
To provide customer service
To personalize the product
To protect someone’s vital interests
With your consent
To improve our services
To advertise our services on Discord and other platforms
To protect our services",严重不一致（50%以下）,"To advertise our services on Discord and other platforms
To contact you
To improve our services
To meet our commitments to the Discord community
To personalize the product
To protect our services
To protect someone’s vital interests
To provide customer service
To provide you with the services
To report on our company’s performance
With your consent","?To fulfill our contract with you
?To protect someone’s vital interests
?With your consent
For our legitimate business interests"
"
25 
canva.com 
https://www.canva.com/policies/privacy-policy/ ","Providing you with the Service
For data analytics
For Service improvement
Customizing the Service for you
To communicate with you about the Service
To promote and drive engagement with the Canva Service
For advertising purposes
Customer happiness
For safety, security, fraud and abuse measures
For matters that you have specifically consented to
For troubleshooting, error resolution and service improvement
For matters that we are required to use your information by law","Providing you with the Service
Customizing the Service for you
For Service improvement (including analytics and machine learning)
For matters that we are required to use your information by law
To communicate with you about the Service
For data analytics
For advertising purposes
For safety, security, fraud and abuse measures
For matters that you have specifically consented to
To promote and drive engagement with the Canva Service
Customer happiness
For troubleshooting, error resolution and service improvement",基本一致（75%-90%）,For Service improvement (including analytics and machine learning),For Service improvement
"
26 
github.com 
https://docs.github.com/en/site-policy/privacy-policies/github-general-privacy-statement ","Business Operations
Communication
Inference
Personalization
Safety and Security
Service Provision
Troubleshooting
Ongoing Service Performance
Complying with and resolving legal obligations
Delivering Professional Services
Improving Professional Services","Service Provision: We use Personal Data to deliver and update our Services as configured and used by You.
Ongoing Service Performance: Personal Data helps us keep the Services up to date and performant.
Personalization: We use Personal Data to customize the Service to your preferences.
Delivering Professional Services: We use Personal Data to deliver training, consulting or implementation.
Inference: We generate new information from other data we collect to derive likely preferences.
Troubleshooting: We use Personal Data to identify and resolve technical issues.
Business Operations: We use Personal Data for activities like billing, accounting, and compensation.
Communication: We use Personal Data to inform you about new Services, features, offers, promotions.
Safety and Security: To promote safety, integrity, and security across our Services.
Improving Professional Services: Enhancing delivery, efficacy, quality, and security of Professional Services.
Complying with and resolving legal obligations: including responding to Data Subject Requests.",严重不一致（50%以下）,"Business Operations: We use Personal Data for activities like billing, accounting, and compensation.
Communication: We use Personal Data to inform you about new Services, features, offers, promotions.
Complying with and resolving legal obligations: including responding to Data Subject Requests.
Delivering Professional Services: We use Personal Data to deliver training, consulting or implementation.
Improving Professional Services: Enhancing delivery, efficacy, quality, and security of Professional Services.
Inference: We generate new information from other data we collect to derive likely preferences.
Ongoing Service Performance: Personal Data helps us keep the Services up to date and performant.
Personalization: We use Personal Data to customize the Service to your preferences.
Safety and Security: To promote safety, integrity, and security across our Services.
Service Provision: We use Personal Data to deliver and update our Services as configured and used by You.
Troubleshooting: We use Personal Data to identify and resolve technical issues.","Business Operations
Communication
Complying with and resolving legal obligations
Delivering Professional Services
Improving Professional Services
Inference
Ongoing Service Performance
Personalization
Safety and Security
Service Provision
Troubleshooting"
"
27 
spotify.com 
https://www.spotify.com/us/legal/privacy-policy/ ","To provide the Spotify Service
To diagnose, troubleshoot, and fix issues with the Spotify Service
To evaluate and develop new features, technologies, and improvements to the Spotify Service
For marketing or advertising purposes
To comply with a legal obligation that we are subject to
To comply with a request from law enforcement, courts, or other competent authorities
To fulfill contractual obligations with third parties
To take appropriate action with reports of intellectual property infringement and inappropriate content
To establish, exercise, or defend legal claims
To conduct business planning, reporting, and forecasting
To process your payment
To keep the Spotify Service secure and to detect and prevent fraud
To conduct research and surveys",Our purpose for using your personal data,严重不一致（50%以下）,Our purpose for using your personal data,"For marketing or advertising purposes
To comply with a legal obligation that we are subject to
To comply with a request from law enforcement, courts, or other competent authorities
To conduct business planning, reporting, and forecasting
To conduct research and surveys
To diagnose, troubleshoot, and fix issues with the Spotify Service
To establish, exercise, or defend legal claims
To evaluate and develop new features, technologies, and improvements to the Spotify Service
To fulfill contractual obligations with third parties
To keep the Spotify Service secure and to detect and prevent fraud
To process your payment
To provide the Spotify Service
To take appropriate action with reports of intellectual property infringement and inappropriate content"
"
28 
roblox.com 
https://en.help.roblox.com/hc/en-us/articles/115004630823-Privacy-Policy ","Setting up a Roblox account
Purchases on Roblox
Posting content
Asking questions or getting technical support
Using Roblox features
Competitions, promotions and research
Advertising
To let you manage your account and our services
To make things better for you
To protect you by keeping our platform safe and secure
To comply with the law and our policies","To allow you to manage your Roblox account or update your settings
To recognize you and customize your experience
To collect information about how you use the Services
To research relevant technologies
To comply with the law and our own Terms of Use, or any other restrictions we’ve put on your use of the Service
To operate, maintain, personalize, and improve our Service
To display contextual advertising that is based on the content of the game you play
To protect our or our users’ integrity, safety or security
To find and fix errors or bugs
To provide technical support or customer service
To provide related uses permitted by COPPA
To help us to promote and market our Services better
To communicate with you about our Services
To collect demographic information (eg, age, location, etc)
To identify any suspicious activities so we can try to protect users from payment fraud and other inappropriate activities
To limit how much advertising is shown to you if you’re under 13 years old
To detect security issues, protect against malicious, deceptive or illegal activity, and prosecute anyone responsible for that activity
To send you corporate-related information to you or respond to your job application
To give you access to features or limit your access to Roblox, as appropriate
To audit interactions and transactions, and carry out any other compliance tasks
To collect information on how software is used on your mobile device
To record and keep your preferences, account settings, and certain login information
To collect information about what features you use and how well our services work",严重不一致（50%以下）,"To allow you to manage your Roblox account or update your settings
To audit interactions and transactions, and carry out any other compliance tasks
To collect demographic information (eg, age, location, etc)
To collect information about how you use the Services
To collect information about what features you use and how well our services work
To collect information on how software is used on your mobile device
To communicate with you about our Services
To comply with the law and our own Terms of Use, or any other restrictions we’ve put on your use of the Service
To detect security issues, protect against malicious, deceptive or illegal activity, and prosecute anyone responsible for that activity
To display contextual advertising that is based on the content of the game you play
To find and fix errors or bugs
To give you access to features or limit your access to Roblox, as appropriate
To help us to promote and market our Services better
To identify any suspicious activities so we can try to protect users from payment fraud and other inappropriate activities
To limit how much advertising is shown to you if you’re under 13 years old
To operate, maintain, personalize, and improve our Service
To protect our or our users’ integrity, safety or security
To provide related uses permitted by COPPA
To provide technical support or customer service
To recognize you and customize your experience
To record and keep your preferences, account settings, and certain login information
To research relevant technologies
To send you corporate-related information to you or respond to your job application","Advertising
Asking questions or getting technical support
Competitions, promotions and research
Posting content
Purchases on Roblox
Setting up a Roblox account
To comply with the law and our policies
To let you manage your account and our services
To make things better for you
To protect you by keeping our platform safe and secure
Using Roblox features"
"
29 
imdb.com 
https://www.imdb.com/privacy ","Provide, troubleshoot, and improve IMDb Services
Recommendations and personalization
Comply with legal obligations
Communicate with you
Advertising
Fraud Prevention","Recommendations and personalization
Keeping track of your specified preferences
Recognizing you when you sign-in to our services
Preventing fraudulent activity
Delivering content, including ads
Conducting research and diagnostics to improve IMDb's content and services
Comply with legal obligations
Advertising
Reporting
Improving security
Provide, troubleshoot, and improve IMDb Services
Communicate with you
Fraud Prevention",严重不一致（50%以下）,"Conducting research and diagnostics to improve IMDb's content and services
Delivering content, including ads
Improving security
Keeping track of your specified preferences
Preventing fraudulent activity
Recognizing you when you sign-in to our services
Reporting",
"
30 
quora.com 
https://www.quora.com/about/privacy ","Provide our Services
Personalization
Billing and Payment
Advertising
Marketing and Promotions
Enable Communications
Analytics
Comply with Law
Prevent Fraud and Misuse
User Research","Provide our Services
Marketing and Promotions
Prevent Fraud and Misuse
Billing and Payment
Advertising
Analytics
Enable Communications
Personalization
User Research
Comply with Law",一致（90%以上）,,
